cluster,SSE
10,7.410676318247189
15,5.185457804160634
20,3.869966595377922
25,2.874244774068295
30,2.588438024497499
35,2.071905742550603
40,2.0712111553899
45,1.732107488450975
50,1.5439254709857924
